{"cameraMode":{"drawMode":0,"name":"Shaded","section":"Shading Mode"},"sceneLighting":true,"audioPlay":false,"sceneViewState":{"m_AlwaysRefresh":false,"showFog":true,"showSkybox":true,"showFlares":true,"showImageEffects":true,"showParticleSystems":true,"showVisualEffectGraphs":true,"m_FxEnabled":true},"in2DMode":false,"pivot":{"x":-21.06977081298828,"y":0.7970004081726074,"z":-1.3575090169906617},"rotation":{"x":-0.008666708134114743,"y":-0.7056142687797546,"z":-0.008577564731240273,"w":0.7091786861419678},"size":7.076810836791992,"orthographic":false}