{"cameraMode":{"drawMode":0,"name":"Shaded","section":"Shading Mode"},"sceneLighting":true,"audioPlay":false,"sceneViewState":{"m_AlwaysRefresh":false,"showFog":true,"showSkybox":true,"showFlares":true,"showImageEffects":true,"showParticleSystems":true,"showVisualEffectGraphs":true,"m_FxEnabled":true},"in2DMode":false,"pivot":{"x":-22.164215087890626,"y":2.468348979949951,"z":-2.552647352218628},"rotation":{"x":-0.0016058991895988584,"y":-0.9983460903167725,"z":0.059777963906526569,"w":-0.02221410907804966},"size":6.201385498046875,"orthographic":false}